codigo,descricao,motivo
012048,"-FORNECIMENTO E INSTALAÇÃO DAS PEÇAS DE DUTO NECESSÁRIAS PARA OS 02 EQUIPAMENTOS EXISTENTE (lembrando que , vamos",texto-orcamento
008399,"ANÁLISE DO AMBIENTE PARA IDENTIFICAÇÃO DOS OFENSORES QUE CAUSAM BAIXA QUALIADE NAS TRANSMISSÕES DE VIDEO NAS UNIDADES GO",servico
009049,"APLICAÇÃO DE IDENTIDADE VISUAL EM MDF COM RECORTE A LASER E PINTURA AUTOMOTIVA NA COR PRETO FOSCO",servico
012255,"Atendimento por agendamento sob demanda (16h-remoto exclusivo)",servico
009806,"ATUALIZAÇÃO DE TREINAMENTO PARA O USO CORRETO E REGULAR DOS EQUIPAMENTOS DE PROTEÇÃO INDIVIDUAL",servico
009808,"ATUALIZAÇÃO DE TREINAMENTO PARA TRABALHAR COM SEGURANÇA EM ATIVIDADES ENVOLVENDO ELETRICIDADE",servico
004225,"CANTO MOEDA MÃO DE OBRA",servico
011577,"CONFECÇÃO DE LETREIRO PERSONALIZADO EM ACRILICO",servico
004068,"CONFECÇÃO DE MOVEIS PLANEJADO",servico
012170,"CONFECÇÃO DE PEDRA PARA NIVELAR COM FRONTÃO 50,5X27",servico
008470,"CONFECÇÃO DE TAMPO DE MESA",servico
007253,"DESINSTALAÇÃO DE CONDENSADORES MARQUIZE",servico
009486,"DESINSTALAÇAO DE EVAPORADORES K7, RELOCAÇÃO DE EVAPORADOR K7 E INSTALAÇÃO DE EQUIPAMENTOS DUTO",servico
011466,"DESINSTALAÇÃO DE K7 VRF 24.000 BTUS E INSTALAÇÃO DE DUTO VRF TRANE 24.000 BUTS E STARTUP",servico
011551,"DESINSTALAÇÃO DE K7, RELOCAÇÃO DE 01 TRECHO DE INFRA FRIGORIGENA E UM STARTUP DO SISTEMA",servico
008378,"DESINSTALAÇÃO DO EQUIPAMENTO DUTO",servico
008381,"DESINSTALAÇÃO E INSTALAÇÃO DE DIFUSORES",servico
008787,"ELABORAÇÃO DE LAUDO COM ART",servico
012287,"Elaboração de laudo técnico do SPDA (para-raios), conforme proposta nº 16358/SPDA-02/2026.",servico
006298,"EXECUÇÃO DE PISO DOS BANHEIROS COM RODA PÉ",servico
006296,"EXECUÇÃO DE RAMPA DE ALVENARIA",servico
006297,"EXECUÇÃO DE REQUADRAMENTO DE PORTAS",servico
011808,"execução de shaft de drywall",servico
012508,"FORAM FEITOS ALGUNS PROCEDIMENTOS NOS DUTOS, PARA IR MAIS VAZÃO DE AR PRA ESSAS 03 SALAS E INSTALAÇÃO DE 01 DIFUSORES PR",texto-orcamento
012080,"FORNECEIMENTO E INSTALAÇÃO DOS CONJUNTOS DE 04 PEÇAS DE DUTOS, NECESSÁRIAS PARA OS 04 EQUIPAMENTOS.",texto-orcamento
007422,"FORNECIMENTO DA PEÇA DE DUTO E REALOCAÇÃO DE DIFUSOR",servico
008637,"FORNECIMENTO DAS GRELHAS DE INSUFLAMENTO E RETORNO",servico
007377,"FORNECIMENTO DAS PEÇAS DE DUTOS",servico
008460,"FORNECIMENTO DE CAIXA COM COLARINHO",servico
008461,"FORNECIMENTO DE CAIXA PLENIUM",servico
007223,"FORNECIMENTO DE CHAPA E FECHAMENTO DE DIFUSORES",servico
007197,"FORNECIMENTO DE CHAPA E FECHAMENTO DE PONTOS",servico
008580,"FORNECIMENTO DE CHAPAS",servico
009011,"FORNECIMENTO DE COROA DE BRONZE BV FUSO",servico
008163,"FORNECIMENTO DE DUTOS FLEXIVEIS",servico
008106,"FORNECIMENTO DE GÁS",servico
008379,"FORNECIMENTO DE HÉLICE",servico
009483,"FORNECIMENTO DE INFRA FRIGORIGENA",servico
009760,"FORNECIMENTO DE MÃO DE OBRA PARA SERVIÇO DE SERVENTE",servico
012312,"FORNECIMENTO E INSTALAÇÃO 02 GRELHAS DE RETORNO SOB MEDIDA",servico
011935,"FORNECIMENTO E INSTALAÇÃO DAS PEÇAS DE DUTOS NECESSÁRIAS (04 PEÇAS POR EVAPORADORA)",servico
012313,"FORNECIMENTO E INSTALAÇÃO DAS PEÇAS DE DUTOS NECESSÁRIAS, APROXIMADAMENTE 7 METROS",servico
012330,"FORNECIMENTO E INSTALAÇÃO DAS PEÇAS DE DUTOS NECESSÁRIAS, PARA 02 EQUIPAMENTOS. SENDO 04 PEÇAS PARA CADA MÁQUINA .",servico
012307,"FORNECIMENTO E INSTALAÇÃO DE 01 DIFUSOR PEQUENO PARA ATENDER A SALA PEQUENA",servico
012305,"FORNECIMENTO E INSTALAÇÃO DE 01 PEÇA DE DUTO, COLARINHO E INSTALAÇÃO DE 01 DIFUSOR",servico
012309,"FORNECIMENTO E INSTALAÇÃO DE 01 RAMAL DE DUTO, APROXIMADAMENTE 4 METROS",servico
012306,"FORNECIMENTO E INSTALAÇÃO DE 01 RAMAL DE DUTOS 1,5 M",servico
012324,"FORNECIMENTO E INSTALAÇÃO DE 03 RAMAIS DE DUTOS ISOLADOS DE APROXIMADAMENTE 7 METROS CADA",servico
009057,"FORNECIMENTO E INSTALAÇÃO DA INFRAESTRUTURA (TUBULAÇÕES DE COBRE)",servico
007155,"FORNECIMENTO E INSTALAÇÃO DAS PEÇAS DE DUTOS",servico
012039,"FORNECIMENTO E INSTALAÇÃO DAS PEÇAS DE DUTOS NECESSÁRIOS",servico
010986,"FORNECIMENTO E INSTALAÇÃO DAS PEÇAS DE DUTOS NECESSÁRIOS P/ FECHAMENTO DE EQUIPAMENTOS E INSTALAÇÃO DE DIFUDORES",servico
011750,"FORNECIMENTO E INSTALAÇÃO DAS PEÇAS DE DUTOS NECESSÁRIOS PARA EQUIPAMENTOS SENDO PEÇAS PARA CADA MÁQUINA",servico
012425,"FORNECIMENTO E INSTALAÇÃO DE 01 RAMAL DE DUTO ISOLADO DE 05 MTS E DE 01 RAMAL DE DUTO ISOLADO DE 02 MTS TOTAL DE 07 ME",servico
012317,"FORNECIMENTO E INSTALAÇÃO DE 01 RAMAL DE DUTO DE 2 METROS",servico
012316,"FORNECIMENTO E INSTALAÇÃO DE 02 GRELHAS LATERAIS DE DUTOS E COLARINHOS (botinha) NA LATERAL DO DUTO",servico
011552,"FORNECIMENTO E INSTALAÇÃO DE 02 PEÇAS DE DUTO, PARA DAR MAIS VAZÃO DE AR, PARA 04 DIFUSORES",servico
012497,"FORNECIMENTO E INSTALAÇÃO DE 02 RAMAIS DE DUTOS ISOLADO DE 06 METROS CADA.",servico
011938,"FORNECIMENTO E INSTALAÇÃO DE 03 RAMAIS DE DUTOS DE 07 METROS CADA",servico
011917,"FORNECIMENTO E INSTALAÇÃO DE 04 RAMAIS DE DUTOS NOVOS, ISOLADO DE APROXIMADAMENTE 05 METROS POR ANDAR",servico
012534,"FORNECIMENTO E INSTALAÇÃO DE 04 RAMAIS DE DUTOS ISOLADO (02 DUTOS DE 03 METROS CADA E 02 DUTOS DE 02 METROS CADA, TOTA",servico
011116,"FORNECIMENTO E INSTALAÇÃO DE ACRILICO PARA TERMOSTATO",servico
007375,"FORNECIMENTO E INSTALAÇÃO DE BANDEJAS",servico
007248,"FORNECIMENTO E INSTALAÇÃO DE CORREIA",servico
007378,"FORNECIMENTO E INSTALAÇÃO DE DIFUSOR",servico
007376,"FORNECIMENTO E INSTALAÇÃO DE DRENO",servico
011897,"FORNECIMENTO E INSTALAÇÃO DE DUTO MPU FECHAMENTO DE MÁQUINA",servico
007196,"FORNECIMENTO E INSTALAÇÃO DE EQUIPAMENTO",servico
011860,"FORNECIMENTO E INSTALAÇÃO DE ESPELHO BIZOTE",servico
007224,"FORNECIMENTO E INSTALAÇÃO DE GRELHA DE RETORNO",servico
011476,"FORNECIMENTO E INSTALAÇÃO DE INFRA",servico
008746,"FORNECIMENTO E INSTALAÇÃO DE PEÇA DE DUTO",servico
008201,"FORNECIMENTO E INSTALAÇÃO DE RAMAIS DE DUTOS COMPLETOS ISOLADOS",servico
007368,"FORNECIMENTO E INSTALAÇÃO DE RAMAL DE DUTO ISOLADO",servico
008802,"FORNECIMENTO E INSTALAÇÃO DOS RAMAIS DE DUTOS NOVOS",servico
012495,"INSTALAÇÃO DE 01 EQUIPAMENTO DUTO CARRIER CONVENCIONAL DE 48.000 btus.",servico
012318,"INSTALAÇÃO DE 01 EQUIPAMENTO SPLIT HIWALL VRF 1.5 hp HITACHI E STARTUP DO SISTEMA.",servico
012319,"INSTALAÇÃO DE 01 EQUIPAMENTO SPLIT HIWALL VRF HITACHI 01 HP E STARTUP DO SISTEMA",servico
012533,"INSTALAÇÃO DE 01 SPLIT HIWALL 18.000 btus",servico
012310,"INSTALAÇÃO DE 02 DIFUSORES E 01 GRELHA DE RETORNO",servico
012507,"INSTALAÇÃO DE 02 DIFUSORES NOVOS E RELOCAÇÃO DE 01 DIFUSOR EXISTENTE",servico
012511,"INSTALAÇÃO DE 02 DIFUSORES NOVOS E TROCA DE 03 DIFUSORES VELHOS E COM DEFEITO (5)",servico
012314,"INSTALAÇÃO DE 02 EQUIPAMENTOS SPLIT HIWALL",servico
012323,"INSTALAÇÃO DE 03 EQUIPAMENTOS DUTO 30.000 btus CADA",servico
012539,"INSTALAÇÃO DE 03 GRELHAS DE RETORNO",servico
012537,"INSTALAÇÃO DE 04 GRELHAS DE RETORNO",servico
011456,"INSTALAÇÃO DE 07 DIFUSORES",servico
011937,"INSTALAÇÃO DE 10 GRELHAS DE RETORNO",servico
012496,"INSTALAÇÃO DE 10 SPLIT HIWALL 9.000 btus CADA (5 BI SPLIT)",servico
011936,"INSTALAÇÃO DE 18 DIFUSORES",servico
012536,"INSTALAÇÃO DE 26 DIFUSORES",servico
011921,"Instalação de 4 a 6 difusores por ramal novo por andar",servico
011920,"Instalação de 4 evaporadoras VRF Daikin 3HP (uma por andar)",servico
007250,"INSTALAÇÃO DE AR CONDICIONADO",servico
011121,"INSTALAÇÃO DE BOMBAS DE DRENO",servico
007042,"INSTALAÇÃO DE DIFUSOR",servico
011767,"INSTALAÇÃO DE DIFUSORES",servico
009311,"INSTALAÇÃO DE DIFUSORES E GRELHAS",servico
009644,"INSTALAÇÃO DE DIVISORIA DE DRYWALL COM MANTA DE ISOLAMENTO ACUSTICO",servico
011389,"Instalação de divisórias de vidro",servico
007405,"INSTALAÇÃO DE EQUIPAMENTO",servico
008436,"INSTALAÇÃO DE EQUIPAMENTO CONDENSADORA PENTA",servico
008428,"INSTALAÇÃO DE EQUIPAMENTO K7",servico
011770,"INSTALAÇÃO DE EQUIPAMENTO K7 4 hp VRF HITACHI 2",servico
008777,"INSTALAÇÃO DE EQUIPAMENTO NOVO + STARTUP DO SISTEMA",servico
008181,"INSTALAÇÃO DE EQUIPAMENTO SPLIT",servico
011771,"INSTALAÇÃO DE EQUIPAMENTO SPLIT HIWAILL 1 hp VRF HITACHI",servico
008779,"INSTALAÇÃO DE EQUIPAMENTOS DUTO DE 5HP",servico
008775,"INSTALAÇÃO DE EQUIPAMENTOS DUTO DE 5HP, 01 HW DE 2HP + INSTALAÇÃO DA REDE FRIGORIGENA NOVA",servico
004896,"INSTALAÇÃO DE ESTRUTURA",servico
008162,"INSTALAÇÃO DE EVAPORADORA DUTO DE 5HP",servico
011707,"Instalação de grelha",servico
007226,"INSTALAÇÃO DE GRELHA DE RETORNO",servico
011703,"instalação de grelhas de retorno",servico
008457,"INSTALAÇÃO DE INFRA NOVA",servico
009482,"INSTALAÇÃO DE MAQUINA DUTO 5HP",servico
008432,"INSTALAÇÃO DE NOVA FIAÇÃO ELETRICA PARA CASA DE MAQUINAS DOS ELEVADORES",servico
012517,"INSTALAÇÃO DE OUTRO EQUIPAMENTO NA SALA",servico
008792,"INSTALAÇÃO DE PISO LAMINADO",servico
008459,"INSTALAÇÃO DE PISO TETO E STARTUP DOS EQUIPAMENTOS",servico
004023,"INSTALAÇÃO DE PISO VINILICO/LAMINADO",servico
006911,"INSTALAÇÃO DE PLACAS",servico
006924,"INSTALAÇÃO DE PLACAS",servico
011744,"Instalação de porta madeira",servico
004173,"INSTALAÇÃO DE REDE DE PROTEÇÃO",servico
011475,"INSTALAÇÃO DE SISTEMA BI SPLIT COM EVAPORADORES MIDEA 9.000 BTUS",servico
011549,"INSTALAÇÃO DE SISTEMA DE BIOMETRIA CONTROLID",servico
011465,"INSTALAÇÃO DE SISTEMA MINI VRF (CONDENSADORA 18HP, HIWALL E DUTOS DE 04HP)",servico
011468,"INSTALAÇÃO DE SISTEMA PENTA LG (05 EVAP. 9.000 BTUS)",servico
012058,"INSTALAÇÃO DE SPLIT 1HP VR",servico
011705,"INSTALAÇÃO DE SPLIT HW",servico
011534,"INSTALAÇÃO DE SUPORTE DE BANDEIRA",servico
008458,"INSTALAÇÃO DO EQUIPAMENTO DUTO 60.000 BTUS E STARTUP",servico
007373,"INSTALAÇÃO DO EQUIPAMENTO DUTO VRF DAIKIN",servico
003965,"INSTALAÇÃO DO SISTEMA DE AR CONDICIONADO",servico
008462,"INSTALAÇÃO DO SISTEMA DE RETORNO",servico
012519,"INSTALAÇÃO DOS 04 EQUIPAMENTOS PISO TETO 4 hp E STARTUP DO SISTEMA",servico
010732,"INSTALAÇÃO DOS EQUIPAMENTOS E STARTUP",servico
012509,"INSTALAÇÃO E CORREÇÃO DE 06 DIFUSORES NOVOS",servico
010187,"INSTALAÇÃO E MONTAGEM DE LUMINOSOS",servico
007157,"INSTALAÇÃO E START UP DO SISTEMA",servico
012256,"Instalação GOEVO ZAP:",servico
008907,"INSTALAÇÃO PAREDE PLACA CIMENTICIA PARA PROTEÇÃO DAS MAQUINAS DE AR-CONDICIONADO",servico
012055,"INSTALAÇÃO SPLITS",servico
008743,"INSTALAÇÃO/DESINSTALAÇÃO DO GERADOR E QTA",servico
008724,"LAUDO TECNICO DOS ELEVADORES",servico
006030,"LOCAÇÃO DE ANDAIME",servico
006037,"LOCAÇÃO DE CAÇAMBA PARA DESCARTE",servico
006029,"LOCAÇÃO DE COMPRESSOR P/ PINTURA",servico
008931,"LOCAÇÃO DE EQUIPAMENTO BOSCH DTECT 150",servico
011966,"LOCAÇÃO DE GERADOR",servico
007259,"LOCAÇÃO DE LIXADEIRA INDUSTRIAL MODELO ENCERADEIRA",servico
008843,"LOCAÇÃO DE MAÇARICO PARA CORTE DE AÇO PESADO",servico
005160,"LOCAÇÃO DE MAQUINAS E EQUIPAMENTOS",servico
008535,"LOCAÇÃO DE MARTELETE DE 10KG",servico
011550,"LOCAÇÃO DE MARTELETE DE 15KG",servico
010992,"LOCAÇÃO DE NO BREAK TRIFÁSICO",servico
006343,"LOCAÇÃO DE PROJETOR",servico
009451,"MANUTENÇÃO ACIONAMENTO DIVISÓRIA RETRATIL",servico
011446,"Manutenção de Jardim",servico
011555,"Manutenção de Jardim",servico
003930,"MANUTENÇÃO DO PORTÃO E COMANDOS",servico
005052,"MANUTENÇÃO E REPARO DE CAFETEIRA INDUSTRIAL",servico
010113,"MANUTENÇÃO EM JANELA",servico
012424,"Manutenção letreiro",servico
011950,"manutenção preventiva das cabines de barramento e centros de medição",servico
009455,"MANUTENÇÃO PREVENTIVA DIVISÓRIA RETRATIL",servico
011658,"Manutenção preventiva para gerador",servico
004059,"MÃO DE OBRA DE PINTURA FRIA",servico
009012,"MÃO DE OBRA DE REVISÃO E TROCA DE ROLAMENTO",servico
003960,"PRESTAÇÃO DE SERVIÇO DE FURO TECNICO",servico
007043,"REALOCAÇÃO COM LIMPEZA QUÍMICA, K7 E PISO T",servico
011940,"REALOCAÇÃO DE 03 EQUIPAMENTOS DUTO (02- 36.000 BTUS E 01- DE 48.000 BTUS)",servico
008108,"REALOCAÇÃO DE CONDENSADORA",servico
007221,"REALOCAÇÃO DE DIFUSOR",servico
007409,"REALOCAÇÃO DE EQUIPAMENTO DUTO",servico
011122,"REALOCAÇÃO DE EQUIPAMENTO HIWALL VRF E STARTUP DO SISTEMA",servico
007372,"REALOCAÇÃO DE EQUIPAMENTO K7",servico
007370,"REALOCAÇÃO DE EQUIPAMENTO SPLIT",servico
012328,"RELOCAÇÃO DE 02 EQUIPAMENTOS VRF DUTO 6hp E STARTUP",servico
008388,"RELOCAÇÃO DE DIFUSORES",servico
011772,"RELOCAÇÃO DE DUTO DE 08 METROS",servico
011769,"RELOCAÇÃO DE EQUIPAMENTO DUTO VRF 6hp HITACHI",servico
009722,"RELOCAÇÃO DE EQUIPAMENTO E STARTUP",servico
011765,"RELOCAÇÃO DE EQUIPAMENTOS DUTO VRF HITACHI 6HP STARTUP",servico
011748,"RELOCAÇÃO DE EQUIPAMENTOS VRF DUTO 6hp E STARTUP",servico
008456,"RELOCAÇÃO DE INFRA",servico
011467,"RELOCAÇÃO DE K7 24.000 BTUS VRF TRANE",servico
012057,"RELOCAÇÃO DE K7 DE 4 HP - VRF E START UP / INSTALAÇÃO DE REFINETE E VÁLVULAS GBC",servico
011706,"Relocação ou instalação de difusores",servico
012538,"RELOCAÇÃO OU REINSTALAÇÃO DE 10 DIFUSORES",servico
007041,"RELOCAÇÃO/INSTALAÇÃO GRELHA DE RETORNO",servico
011970,"Remoção total e instalação de nova tubulação . Material e mão de obra",servico
007072,"SERVIÇO DE ACABAMENTO DE DRYWALL",servico
009060,"SERVIÇO DE ADEQUAÇÃO CIVIL PARA AUMENTO DE PARADA SUPERIOR DO ELEVADOR",servico
007284,"SERVIÇO DE ADEQUAÇÃO DO SISTEMA DE CHUVEIRO AUTOMÁTICO",servico
011820,"SERVIÇO DE ADEQUAÇÃO DO SISTEMA DE SPRINKLERS",servico
009063,"SERVIÇO DE ADEQUAÇÕES HIDRAULICAS",servico
007347,"SERVIÇO DE ALINHAMENTO",servico
006346,"SERVIÇO DE AMACEAMENTO E PINTURA DE FORRO",servico
005043,"SERVIÇO DE ANALISE DA QUALIDADE DA ÁGUA",servico
005010,"SERVIÇO DE ANALISE DA QUALIDADE DO AR",servico
012135,"SERVIÇO DE APLICAÇÃO DE CIMENTO QUEIMADO",servico
008938,"SERVIÇO DE APLICAÇÃO DE HIPERMEABILIZANTE",servico
005954,"SERVIÇO DE APLICAÇÃO DE PELICULA",servico
005955,"SERVIÇO DE APLICAÇÃO DE PELICULA",servico
008646,"SERVIÇO DE ASSENTAMENTO DE PISO E RODAPÉ",servico
008584,"SERVIÇO DE CARPINTARIA",servico
007218,"SERVIÇO DE CONFECÇÃO DE CAIXOTE DE DRYWALL",servico
006863,"SERVIÇO DE CONFECÇÃO DE LETREIRO EM NEON",servico
009772,"SERVIÇO DE CONSTRUÇÃO DE DIVISÓRIA DE DRYWALL",servico
005535,"SERVIÇO DE CORTE",servico
008536,"SERVIÇO DE DEMOLIÇÃO",servico
011218,"SERVIÇO DE DEMOLIÇÃO DE FORRO",servico
003887,"SERVIÇO DE DESENTUPIMENTO LIMPEZA RASPAGEM E DESOBSTRUÇÃO",servico
011453,"SERVIÇO DE DESLOCAMENTO DE CENTRAL DE ALARME DE INCENDIO",servico
011494,"SERVIÇO DE DESMONTAGEM DE DIVISÓRIAS",servico
011598,"SERVIÇO DE DESMONTAGEM DE FORRO MINERAL",servico
011495,"SERVIÇO DE DESMONTAGEM DE MESAS",servico
009062,"SERVIÇO DE DESMONTAGEM DE PAREDE DE DRYWALL",servico
010082,"SERVIÇO DE DESMONTAGEM DE SOFA",servico
006934,"SERVIÇO DE DESMONTAGEM E INSTALAÇÃO DE FORROS",servico
007279,"SERVIÇO DE DIVULGAÇÃO DE VAGA",servico
007152,"SERVIÇO DE DIVULGAÇÃO DE VAGA NO JORNAL AMARELINHO",servico
010966,"SERVIÇO DE ELABORAÇÃO DE MEMORIAL DE CALCULO DE POPULAÇÃO",servico
008940,"SERVIÇO DE EMBUTIR E ACABAMENTO DE CABOS",servico
007175,"SERVIÇO DE EXECUÇÃO DE CAIXOTE",servico
007177,"SERVIÇO DE EXECUÇÃO DE FORRO DE DRYWALL",servico
007174,"SERVIÇO DE EXECUÇÃO DE PAREDE",servico
007071,"SERVIÇO DE EXECUÇÃO DE PAREDE DE DRYWALL",servico
006796,"SERVIÇO DE EXECUÇÃO DE PAREDE DE DRYWALL COM LÃ DE ROCHA",servico
006795,"SERVIÇO DE EXECUÇÃO DE SEPTO",servico
008937,"SERVIÇO DE EXECUSÃO DE CONTRAPISO",servico
008856,"SERVIÇO DE FABRICAÇÃO E COLOCAÇÃO DE LAVATÓRIOS",servico
006913,"SERVIÇO DE FECHAMENTO DE FORRO HALL ELEVADOR",servico
006915,"SERVIÇO DE FECHAMENTO DE JANELAS DOS BANHEIROS COM DRYWALL",servico
004190,"SERVIÇO DE IMPERMEABILIZAÇÃO",servico
009055,"SERVIÇO DE IMPERMEABILIZAÇÃO DE ESTOFADO",servico
009303,"SERVIÇO DE IMPLANTAÇÃO DE ACCESS POINTS",servico
008565,"SERVIÇO DE IMPRESSÃO",servico
008942,"SERVIÇO DE INFRAESTRUTURA ELETROCALHA",servico
009773,"SERVIÇO DE INFRAESTRUTURA SECA",servico
009603,"SERVIÇO DE INSTAÇÃO DE MANTA ASFALTICA",servico
006914,"SERVIÇO DE INSTALAÇÃO DE ALÇAPÃO",servico
010129,"SERVIÇO DE INSTALAÇÃO DE CATRACAS",servico
006344,"SERVIÇO DE INSTALAÇÃO DE CONTRA PISO",servico
007443,"SERVIÇO DE INSTALAÇÃO DE DETECTOR DE FUMAÇA",servico
008908,"SERVIÇO DE INSTALAÇÃO DE DIFUSORES PARA AR-CONDICIONADO",servico
007470,"SERVIÇO DE INSTALAÇÃO DE DUTO DE DESCARGA CONDENSADORA",servico
008909,"SERVIÇO DE INSTALAÇÃO DE ELETROCALHA",servico
012408,"SERVIÇO DE INSTALAÇÃO DE ESPELHO 4 MM LAPIDADO 140X600",servico
012409,"SERVIÇO DE INSTALAÇÃO DE ESPELHO 4 MM LAPIDADO 970X1800",servico
006950,"SERVIÇO DE INSTALAÇÃO DE FORRO",servico
004440,"SERVIÇO DE INSTALAÇÃO DE FORRO ACARTONADO",servico
006371,"SERVIÇO DE INSTALAÇÃO DE FORRO MINERAL",servico
007176,"SERVIÇO DE INSTALAÇÃO DE FORRO MODULAR",servico
009020,"SERVIÇO DE INSTALAÇÃO DE GESSO",servico
006868,"SERVIÇO DE INSTALAÇÃO DE GRAMA SINTETICA",servico
007440,"SERVIÇO DE INSTALAÇÃO DE PAPEL DE PAREDE",servico
007701,"SERVIÇO DE INSTALAÇÃO DE PAPEL DE PAREDE",servico
012077,"SERVIÇO DE INSTALAÇÃO DE PERSIANA",servico
012083,"SERVIÇO DE INSTALAÇÃO DE PORTA CORTA FOGO COM BATENTE E FECHADURA",servico
004289,"SERVIÇO DE INSTALAÇÃO DE PORTAS COM GUARNIÇÕES",servico
009442,"SERVIÇO DE INSTALAÇÃO DE SISTEMA BI SPLIT",servico
008185,"SERVIÇO DE INSTALAÇÃO DE TANQUE AÉREO PARA ARMAZEMAMENTO DE LIQUIDOS - TANQUE E BACIA 250 LITROS",servico
001499,"SERVIÇO DE INSTALAÇÃO DE TOLDOS",servico
008988,"SERVIÇO DE INSTALAÇÃO DE TORNEIRA, VALVULA DE PIA E SIFÃO",servico
008989,"SERVIÇO DE INSTALAÇÃO DE VASO SANITÁRIO",servico
012332,"SERVIÇO DE INSTALAÇÃO DE VIDRO 0,55 X 1,05M",servico
004774,"SERVIÇO DE INSTALAÇÃO DE VIDROS",servico
004829,"SERVIÇO DE INSTALAÇÃO E MANUTENÇÃO DE FECHADURA",servico
009886,"SERVIÇO DE INSTALAÇÃO REVESTIMENTO EM PORCELANATO",servico
002663,"SERVIÇO DE JARDINAGEM",servico
003869,"SERVIÇO DE JARDINAGEM",servico
007346,"SERVIÇO DE LAVAGEM",servico
009353,"SERVIÇO DE LAVAGEM DE ALMOFADAS",servico
009053,"SERVIÇO DE LAVAGEM DE ESTOFADO",servico
010974,"SERVIÇO DE LAVAGEM DE VIDROS",servico
005096,"SERVIÇO DE LETREIRO AÇO GALV. FACE ACRÍLICA CRISTAL LED INTERNO COM LOGO",servico
004384,"SERVIÇO DE LIMPEZA",servico
009054,"SERVIÇO DE LIMPEZA DE ESTOFADO",servico
007436,"SERVIÇO DE LIMPEZA DE FACHADA",servico
008337,"SERVIÇO DE LIMPEZA DE VIDROS",servico
010244,"SERVIÇO DE LIMPEZA DO ACM",servico
010245,"SERVIÇO DE LIMPEZA DO ACM E VIDRO",servico
009093,"SERVIÇO DE LIMPEZA E DESENTUPIMENTO DA CAIXA DE ESGOTO",servico
007135,"SERVIÇO DE LIMPEZA PÓS OBRA",servico
011319,"SERVIÇO DE LIMPEZA QUIMICA SISTEMA DUTO VRF DAIKIN 5HP",servico
003797,"SERVIÇO DE LIMPEZA, HIGIENIZAÇÃO E IMPERMEABILIZAÇÃO",servico
004951,"SERVIÇO DE LIMPEZA, HIGIENIZAÇÃO E IMPERMEABILIZAÇÃO",servico
008913,"SERVIÇO DE LIMPEZA, RASPAGEM, DESOBSTRUÇÃO E LIMPEZA TÉCNICA EM TUBULAÇÕES",servico
006449,"SERVIÇO DE MANUTENÇÃO CORRETIVA DE AR CONDICIONADO",servico
007167,"SERVIÇO DE MANUTENÇÃO CORRETIVA DE GERADORES",servico
009617,"SERVIÇO DE MANUTENÇÃO DE ELEVADOR",servico
012391,"SERVIÇO DE MANUTENÇÃO DE FACHADA COM PAINEL EM POLICARBONATO",servico
006591,"SERVIÇO DE MANUTENÇÃO DE GELADEIRA",servico
007169,"SERVIÇO DE MANUTENÇÃO DE GERADORES",servico
006687,"SERVIÇO DE MANUTENÇÃO DE NEON LETREIRO",servico
012373,"SERVIÇO DE MANUTENÇÃO DE PORTA AUTOMATICA",servico
011604,"SERVIÇO DE MANUTENÇÃO DE PORTAS E DIVISÓRIAS",servico
007424,"SERVIÇO DE MANUTENÇÃO DE TELEVISOR",servico
004730,"SERVIÇO DE MANUTENÇÃO DE VEICULOS",servico
008582,"SERVIÇO DE MANUTENÇÃO DO DECK",servico
007292,"SERVIÇO DE MANUTENÇÃO DO PROJETOR",servico
003814,"SERVIÇO DE MANUTENÇÃO E INSTALAÇÃO DE AR CONDICIONADO",servico
011896,"Serviço de mão de obra",servico
008855,"SERVIÇO DE MÃO DE OBRA DE ALVENARIA E ACABAMENTOS",servico
006517,"SERVIÇO DE MÃO DE OBRA DE DIVISÓRIA RETRÁTIL",servico
006884,"SERVIÇO DE MÃO DE OBRA DE INSTALAÇÃO DE PORTA",servico
008213,"SERVIÇO DE MÃO DE OBRA DE INSTALAÇÃO DO SISTEMA MINI VRF DE 18 HP COM 04 EVAP DUTO DE 5 HP",servico
011167,"SERVIÇO DE MÃO DE OBRA ELETRICISTA",servico
007348,"SERVIÇO DE MÃO DE OBRA MECÂNICA",servico
010178,"SERVIÇO DE MARCENARIA",servico
008563,"SERVIÇO DE MOBILIZAÇÃO",servico
007063,"SERVIÇO DE MODIFICAÇÃO NOS RAMAIS DE DUTOS",servico
011599,"SERVIÇO DE MONTAGEM DE FORRO MINERAL",servico
009579,"SERVIÇO DE MONTAGEM DE QUADRO ELETRICO",servico
012371,"SERVIÇO DE MOVIMENTAÇÃO DE MATERIAIS E ORGANIZAÇÃO DO ESPAÇO",servico
006345,"SERVIÇO DE NIVELAMENTO DE CONTRA PISO",servico
008910,"SERVIÇO DE PANAGEM DE MALHA DE ATERRAMENTO",servico
008943,"SERVIÇO DE PASSAGEM DE CABEAMENTO PARA O AR CONDICIONADO",servico
011862,"SERVIÇO DE PASSAGEM DE CABEAMENTO PARA PONTOS DE REDE",servico
009605,"SERVIÇO DE PASSAGEM DE CIRCUITO ELETRICO",servico
004990,"SERVIÇO DE PINTURA",servico
004987,"SERVIÇO DE PINTURA DE FACHADA PREDIAL",servico
008896,"SERVIÇO DE PREPARAÇÃO DE PAREDES E PINTURA DAS PAREDES DE DRYWALL",servico
006667,"SERVIÇO DE RASPAGEM E APLICAÇÃO DE VERNIZ",servico
006912,"SERVIÇO DE RECOLOCAÇÃO DE PLACAS DESMONTAGEM",servico
007433,"SERVIÇO DE REFORÇO ESTRUTURAL",servico
012485,"SERVIÇO DE REFORMA CIVIL PARA CONSTRUÇÃO DE LAYOUT DE ESCRITÓRIO",servico
007267,"SERVIÇO DE REFORMA DE ESTOFADO",servico
006514,"SERVIÇO DE REGULAGEM E ALINHAMENTO",servico
007286,"SERVIÇO DE REGULAGEM, TROCA DE PLACA E PERFIL",servico
008936,"SERVIÇO DE REGULARIZAÇÃO DO PISO",servico
007073,"SERVIÇO DE REGULARIZAÇÃO DO PISO E MASSA ALTO NIVELANTE",servico
008992,"SERVIÇO DE RELOCAÇÃO DE PONTOS DE AGUA",servico
008939,"SERVIÇO DE REMANEJAMENTO DE CABOS DE AR CONDICIONADO",servico
008941,"SERVIÇO DE REMANEJAMENTO DO QUADRO DE AR CONDICIONADO",servico
011947,"Serviço de remoção de adesivo",servico
007446,"SERVIÇO DE REMOÇÃO DE PAPEL DE PAREDE",servico
009058,"SERVIÇO DE REMOÇÃO DE PELICULA",servico
009059,"SERVIÇO DE REMOÇÃO DE PELICULA",servico
008647,"SERVIÇO DE REMOÇÃO DO REVESTIMENTO E REGULARIZAÇÃO DO PISO",servico
008648,"SERVIÇO DE REMOÇÃO E INSTALAÇÃO DE ESGOTO GERAL - INSTALAÇÃO HIDRAULICA",servico
004968,"SERVIÇO DE REPARAÇÃO E MANUTENÇÃO HIDRAULICO",servico
011806,"Serviço de reparo de vazamento de gás",servico
008993,"SERVIÇO DE REPARO DOS RALOS, RETIRADA E RECOLOCAÇÃO DE PISOS",servico
008847,"SERVIÇO DE REPARO ELETRICO NO GERADOR",servico
008990,"SERVIÇO DE REPARO GERAL NO REGISTRO",servico
007256,"SERVIÇO DE REPARO NA ESTRUTURA DA PORTA",servico
005039,"SERVIÇO DE REPARO NA MOTOBOMBA",servico
005290,"SERVIÇO DE REPARO NA MOTOBOMBA",servico
009660,"SERVIÇO DE REPARO NA TUBULAÇÃO DE AGUA",servico
008991,"SERVIÇO DE REPARO NO GESSO",servico
007296,"SERVIÇO DE REPARO NO MÓDULO DE POTÊNCIA DO ELEVADOR",servico
012180,"SERVICO DE REPINTURA",servico
008929,"SERVIÇO DE RETIRADA DE ENTULHO",servico
008911,"SERVIÇO DE RETIRADA E INSTALAÇÃO DO DISJUNTOR",servico
004806,"SERVIÇO DE REVALIDAÇÃO DO AVCB",servico
009674,"SERVIÇO DE SUBSTITUIÇÃO DE REGISTRO DE HIDRANTE",servico
010480,"SERVIÇO DE SUBSTITUIÇÃO DE TORNEIRA DE BOIA",servico
006802,"SERVIÇO DE TRANSPORTE INSTAÇÃO E MEDIÇÃO TECNICA CONF. PROJETO",servico
008166,"SERVIÇO DE TROCA DE FILTROS E OLEO DO GERADOR",servico
006513,"SERVIÇO DE TROCA DE MECANISMO",servico
009809,"TREINAMENTO PARA TRABALHO EM ALTURA",servico